<?xml version="1.1" encoding="UTF-8"?>

<project i18n.job.generated.documetation="Generated documentation" i18n.job.project.name="Project Name" i18n.job.generated.date="GENERATION DATE" i18n.job.author="AUTHOR" i18n.job.summary="Summary" i18n.job.project.description="Project Description" i18n.job.job.description="Description" i18n.job.job.preview.picture="Preview Picture" i18n.job.job.setting="Settings" i18n.job.context.list="Context List" i18n.job.component.list="Component List" i18n.job.components.description="Components Description" i18n.job.source.code="Source Code" i18n.job.properties="Properties" i18n.job.values="Values" i18n.job.name="Name" i18n.job.language="Language" i18n.job.description="Description" i18n.job.author.min="Author" i18n.job.version="Version" i18n.job.purpose="Purpose" i18n.job.status="Status" i18n.job.creation="Creation" i18n.job.modification="Modification" i18n.job.extract.settings="Extra settings" i18n.job.value="Value" i18n.job.stats.logs="Status &amp; Logs" i18n.job.context="Context" i18n.job.promt="Prompt" i18n.job.need.promt="Need Prompt?" i18n.job.type="Type" i18n.job.source="Source" i18n.job.component.name="Component Name" i18n.job.component.type="Component Type" i18n.job.component="Component" i18n.job.unique.name="UNIQUE NAME" i18n.job.input="INPUT(S)" i18n.job.label="LABEL" i18n.job.output="OUTPUT(S)" i18n.job.component.parameters="Component Parameters:" i18n.job.schema.for="Schema for " i18n.job.column="Column" i18n.job.key="Key" i18n.job.length="Length" i18n.job.precision="Precision" i18n.job.nullable="Nullable" i18n.job.comment="Comment" i18n.job.original.function.parameters="Original Function Parameters:" i18n.job.ended="ended" i18n.job.content="content" i18n.route.manifest.type="Type" i18n.route.manifest.value="Value" i18n.route.resource.name="Name" i18n.route.resource.version="Version" i18n.route.resource.path="Path" name="LACrimes1" logo="pictures/logo.jpg" title="Generated by Talend Cloud Data Fabric" link="http://www.talend.com" language="java" generatedDate="Oct 8, 2023, 10:08:27 PM" versionName="Talend Cloud VERSION " version="8.0.1.20230418_1502-patch" docType="Jobs" company="">
  <pro-description><![CDATA[]]></pro-description>
  <job name="La_Crimes_New" author="malladi.sri@northeastern.edu" i18n.job.extract.settings.type="i18n.job.extract.settings" i18n.job.stats.logs.type="i18n.job.stats.logs" version="0.1" purpose="" status="" creation="Oct 7, 2023, 10:50:43 PM" modification="Oct 8, 2023, 9:56:06 PM">
    <description><![CDATA[<br/>]]></description>
    <preview picture="pictures/La_Crimes_New_0.1.png"/>
    <contextList>
      <context name="Default"/>
    </contextList>
    <jobSetting>
      <extra>
        <jobParameter name="COMP_DEFAULT_FILE_DIR" value=""/>
        <jobParameter name="Multi thread execution" value="false"/>
        <jobParameter name="Implicit tContextLoad" value="false"/>
      </extra>
      <Statslogs>
        <jobParameter name="Use statistics (tStatCatcher)" value="false"/>
        <jobParameter name="Use logs (tLogCatcher)" value="false"/>
        <jobParameter name="Use volumetrics (tFlowMeterCatcher)" value="false"/>
        <jobParameter name="On Console" value="false"/>
        <jobParameter name="On Files" value="false"/>
        <jobParameter name="On Databases" value="false"/>
        <jobParameter name="Catch components statistics" value="false"/>
        <jobParameter name="Catch runtime errors" value="true"/>
        <jobParameter name="Catch user errors" value="true"/>
        <jobParameter name="Catch user warnings" value="true"/>
      </Statslogs>
    </jobSetting>
    <componentList>
      <componentItem name="tDBOutput_1" link="tDBOutput_1" type="tMysqlOutput" leftTopX="640" leftTopY="256" rightBottomX="672" rightBottomY="288"/>
      <componentItem name="tDBOutput_3" link="tDBOutput_3" type="tMSSqlOutput" leftTopX="736" leftTopY="160" rightBottomX="768" rightBottomY="192"/>
      <componentItem name="tFileInputDelimited_1" link="tFileInputDelimited_1" type="tFileInputDelimited" leftTopX="160" leftTopY="160" rightBottomX="192" rightBottomY="192"/>
      <componentItem name="tLogRow_1" link="tLogRow_1" type="tLogRow" leftTopX="640" leftTopY="64" rightBottomX="672" rightBottomY="96"/>
      <componentItem name="tMap_1" link="tMap_1" type="tMap" leftTopX="416" leftTopY="160" rightBottomX="448" rightBottomY="192"/>
    </componentList>
    <internalNodeComponents>
      <component icon="pictures/tDBOutput_1.png" uniqueName="tDBOutput_1" label="LaCrimesNew">
        <input link="tMap_1">tMap_1</input>
        <output>none</output>
        <componentType>tMysqlOutput</componentType>
        <parameters>
          <column name="Database" value="tMysqlOutput"/>
          <column name="Unique Name" value="tDBOutput_1"/>
          <column name="Component Name" value="tMysqlOutput"/>
          <column name="Version" value="0.102 (ALPHA)"/>
          <column name="Family" value="Databases/DB Specifics/MySQL"/>
          <column name="Startable" value="false"/>
          <column name="SUBTREE_START" value="false"/>
          <column name="END_OF_FLOW" value="true"/>
          <column name="Activate" value="true"/>
          <column name="DUMMY" value="false"/>
          <column name="tStatCatcher Statistics" value="false"/>
          <column name="Help" value="org.talend.help.tMysqlOutput"/>
          <column name="Update components" value="true"/>
          <column name="IREPORT_PATH" value=""/>
          <column name="JAVA_LIBRARY_PATH" value="/Applications/TalendStudio-8.0.1/studio/configuration/lib/java"/>
          <column name="Subjob color" value=""/>
          <column name="Title color" value=""/>
          <column name="Enable parallel execution" value="false"/>
          <column name="Number of parallel executions" value="2"/>
          <column name="PARALLELIZE_KEEP_EMPTY" value="false"/>
          <column name="Property Type" value="repository: DB (MYSQL):LaCrimesNew"/>
          <column name="DB Version" value="MYSQL_5"/>
          <column name="Use an existing connection" value="false"/>
          <column name="Component List" value=""/>
          <column name="Database Driver" value="MYSQL"/>
          <column name="Host" value="&quot;localhost&quot;"/>
          <column name="Port" value="&quot;3306&quot;"/>
          <column name="Database" value="&quot;lacrimes&quot;"/>
          <column name="Username" value="&quot;root&quot;"/>
          <column name="Password" value="***********"/>
          <column name="Table" value="&quot;lacrimesnew&quot;"/>
          <column name="Action on table" value="DROP_CREATE"/>
          <column name="Action on data" value="INSERT_IGNORE"/>
          <column name="REPOSITORY_ALLOW_AUTO_SWITCH" value="true"/>
          <column name="Schema" value="Built-In"/>
          <column name="Reject Schema" value="Built-In"/>
          <column name="Specify a data source alias" value="false"/>
          <column name="Data source alias" value="&quot;&quot;"/>
          <column name="Die on error" value="false"/>
          <column name="Mapping" value="mysql_id"/>
          <column name="Additional JDBC Parameters" value="&quot;noDatetimeStringSync=true&amp;enabledTLSProtocols=TLSv1.2,TLSv1.1,TLSv1&quot;"/>
          <column name="Extend Insert" value="true"/>
          <column name="Number of rows per insert" value="100"/>
          <column name="Use Batch Size" value="true"/>
          <column name="Batch Size" value="10000"/>
          <column name="Encoding" value="&quot;ISO-8859-15&quot;"/>
          <column name="Commit every" value="10000"/>
          <column name="Additional columns" value="[]"/>
          <column name="Use field options" value="false"/>
          <column name="Field options" value="[{SCHEMA_COLUMN=DR_NO, UPDATE_KEY=false, DELETE_KEY=false, UPDATABLE=true, INSERTABLE=true}, {SCHEMA_COLUMN=Date_Rptd, UPDATE_KEY=false, DELETE_KEY=false, UPDATABLE=true, INSERTABLE=true}, {SCHEMA_COLUMN=DATE_OCC, UPDATE_KEY=false, DELETE_KEY=false, UPDATABLE=true, INSERTABLE=true}, {SCHEMA_COLUMN=TIME_OCC, UPDATE_KEY=false, DELETE_KEY=false, UPDATABLE=true, INSERTABLE=true}, {SCHEMA_COLUMN=AREA, UPDATE_KEY=false, DELETE_KEY=false, UPDATABLE=true, INSERTABLE=true}, {SCHEMA_COLUMN=AREA_NAME, UPDATE_KEY=false, DELETE_KEY=false, UPDATABLE=true, INSERTABLE=true}, {SCHEMA_COLUMN=Rpt_Dist_No, UPDATE_KEY=false, DELETE_KEY=false, UPDATABLE=true, INSERTABLE=true}, {SCHEMA_COLUMN=Part_1_2, UPDATE_KEY=false, DELETE_KEY=false, UPDATABLE=true, INSERTABLE=true}, {SCHEMA_COLUMN=Crm_Cd, UPDATE_KEY=false, DELETE_KEY=false, UPDATABLE=true, INSERTABLE=true}, {SCHEMA_COLUMN=Crm_Cd_Desc, UPDATE_KEY=false, DELETE_KEY=false, UPDATABLE=true, INSERTABLE=true}, {SCHEMA_COLUMN=Mocodes, UPDATE_KEY=false, DELETE_KEY=false, UPDATABLE=true, INSERTABLE=true}, {SCHEMA_COLUMN=Vict_Age, UPDATE_KEY=false, DELETE_KEY=false, UPDATABLE=true, INSERTABLE=true}, {SCHEMA_COLUMN=Vict_Sex, UPDATE_KEY=false, DELETE_KEY=false, UPDATABLE=true, INSERTABLE=true}, {SCHEMA_COLUMN=Vict_Descent, UPDATE_KEY=false, DELETE_KEY=false, UPDATABLE=true, INSERTABLE=true}, {SCHEMA_COLUMN=Premis_Cd, UPDATE_KEY=false, DELETE_KEY=false, UPDATABLE=true, INSERTABLE=true}, {SCHEMA_COLUMN=Premis_Desc, UPDATE_KEY=false, DELETE_KEY=false, UPDATABLE=true, INSERTABLE=true}, {SCHEMA_COLUMN=Weapon_Used_Cd, UPDATE_KEY=false, DELETE_KEY=false, UPDATABLE=true, INSERTABLE=true}, {SCHEMA_COLUMN=Weapon_Desc, UPDATE_KEY=false, DELETE_KEY=false, UPDATABLE=true, INSERTABLE=true}, {SCHEMA_COLUMN=Status, UPDATE_KEY=false, DELETE_KEY=false, UPDATABLE=true, INSERTABLE=true}, {SCHEMA_COLUMN=Status_Desc, UPDATE_KEY=false, DELETE_KEY=false, UPDATABLE=true, INSERTABLE=true}, {SCHEMA_COLUMN=Crm_Cd_1, UPDATE_KEY=false, DELETE_KEY=false, UPDATABLE=true, INSERTABLE=true}, {SCHEMA_COLUMN=Crm_Cd_2, UPDATE_KEY=false, DELETE_KEY=false, UPDATABLE=true, INSERTABLE=true}, {SCHEMA_COLUMN=Crm_Cd_3, UPDATE_KEY=false, DELETE_KEY=false, UPDATABLE=true, INSERTABLE=true}, {SCHEMA_COLUMN=Crm_Cd_4, UPDATE_KEY=false, DELETE_KEY=false, UPDATABLE=true, INSERTABLE=true}, {SCHEMA_COLUMN=LOCATION, UPDATE_KEY=false, DELETE_KEY=false, UPDATABLE=true, INSERTABLE=true}, {SCHEMA_COLUMN=Cross_Street, UPDATE_KEY=false, DELETE_KEY=false, UPDATABLE=true, INSERTABLE=true}, {SCHEMA_COLUMN=LAT, UPDATE_KEY=false, DELETE_KEY=false, UPDATABLE=true, INSERTABLE=true}, {SCHEMA_COLUMN=LON, UPDATE_KEY=false, DELETE_KEY=false, UPDATABLE=true, INSERTABLE=true}]"/>
          <column name="Use Hint Options" value="false"/>
          <column name="Hint Options" value="[]"/>
          <column name="Debug query mode" value="false"/>
          <column name="Use duplicate key update mode insert" value="false"/>
          <column name="DUPLICATED_KEYS" value="[]"/>
          <column name="Support null in &quot;SQL WHERE&quot; statement" value="false"/>
          <column name="Label format" value="LaCrimesNew"/>
          <column name="Hint format" value="&lt;b&gt;__UNIQUE_NAME__&lt;/b&gt;&lt;br&gt;__COMMENT__"/>
          <column name="Connection format" value="row"/>
          <column name="Show Information" value="false"/>
          <column name="Comment" value=""/>
          <column name="Use an existing validation rule" value="false"/>
          <column name="Validation Rule Type" value=""/>
        </parameters>
        <schemas>
          <schema name="TargetMYSQL">
            <column name="DR_NO" key="false" type="String" length="9" precision="" nullable="true" comment=""/>
            <column name="Date_Rptd" key="false" type="String" length="22" precision="" nullable="true" comment=""/>
            <column name="DATE_OCC" key="false" type="String" length="22" precision="" nullable="true" comment=""/>
            <column name="TIME_OCC" key="false" type="String" length="4" precision="" nullable="true" comment=""/>
            <column name="AREA" key="false" type="String" length="2" precision="" nullable="true" comment=""/>
            <column name="AREA_NAME" key="false" type="String" length="11" precision="" nullable="true" comment=""/>
            <column name="Rpt_Dist_No" key="false" type="String" length="4" precision="" nullable="true" comment=""/>
            <column name="Part_1_2" key="false" type="Integer" length="1" precision="" nullable="true" comment=""/>
            <column name="Crm_Cd" key="false" type="Integer" length="3" precision="" nullable="true" comment=""/>
            <column name="Crm_Cd_Desc" key="false" type="String" length="100" precision="" nullable="true" comment=""/>
            <column name="Mocodes" key="false" type="String" length="100" precision="" nullable="true" comment=""/>
            <column name="Vict_Age" key="false" type="Integer" length="3" precision="" nullable="true" comment=""/>
            <column name="Vict_Sex" key="false" type="String" length="1" precision="" nullable="true" comment=""/>
            <column name="Vict_Descent" key="false" type="String" length="1" precision="" nullable="true" comment=""/>
            <column name="Premis_Cd" key="false" type="Integer" length="3" precision="" nullable="true" comment=""/>
            <column name="Premis_Desc" key="false" type="String" length="100" precision="" nullable="true" comment=""/>
            <column name="Weapon_Used_Cd" key="false" type="String" length="3" precision="" nullable="true" comment=""/>
            <column name="Weapon_Desc" key="false" type="String" length="100" precision="" nullable="true" comment=""/>
            <column name="Status" key="false" type="String" length="2" precision="" nullable="true" comment=""/>
            <column name="Status_Desc" key="false" type="String" length="12" precision="" nullable="true" comment=""/>
            <column name="Crm_Cd_1" key="false" type="Integer" length="3" precision="" nullable="true" comment=""/>
            <column name="Crm_Cd_2" key="false" type="String" length="3" precision="" nullable="true" comment=""/>
            <column name="Crm_Cd_3" key="false" type="String" length="3" precision="" nullable="true" comment=""/>
            <column name="Crm_Cd_4" key="false" type="String" length="3" precision="" nullable="true" comment=""/>
            <column name="LOCATION" key="false" type="String" length="100" precision="" nullable="true" comment=""/>
            <column name="Cross_Street" key="false" type="String" length="100" precision="" nullable="true" comment=""/>
            <column name="LAT" key="false" type="Float" length="7" precision="5" nullable="true" comment=""/>
            <column name="LON" key="false" type="Double" length="9" precision="5" nullable="true" comment=""/>
          </schema>
        </schemas>
      </component>
      <component icon="pictures/tDBOutput_3.png" uniqueName="tDBOutput_3" label="lacrimes_MSSQL">
        <input link="tMap_1">tMap_1</input>
        <output>none</output>
        <componentType>tMSSqlOutput</componentType>
        <parameters>
          <column name="Database" value="tMSSqlOutput"/>
          <column name="Unique Name" value="tDBOutput_3"/>
          <column name="Component Name" value="tMSSqlOutput"/>
          <column name="Version" value="0.102 (ALPHA)"/>
          <column name="Family" value="Databases/DB Specifics/MS_SQL_Server"/>
          <column name="Startable" value="false"/>
          <column name="SUBTREE_START" value="false"/>
          <column name="END_OF_FLOW" value="true"/>
          <column name="Activate" value="true"/>
          <column name="DUMMY" value="false"/>
          <column name="tStatCatcher Statistics" value="false"/>
          <column name="Help" value="org.talend.help.tMSSqlOutput"/>
          <column name="Update components" value="true"/>
          <column name="IREPORT_PATH" value=""/>
          <column name="JAVA_LIBRARY_PATH" value="/Applications/TalendStudio-8.0.1/studio/configuration/lib/java"/>
          <column name="Subjob color" value=""/>
          <column name="Title color" value=""/>
          <column name="Enable parallel execution" value="false"/>
          <column name="Number of parallel executions" value="2"/>
          <column name="PARALLELIZE_KEEP_EMPTY" value="false"/>
          <column name="Property Type" value="repository: DB (MSSQL):lacrimes_MSSQL"/>
          <column name="Use an existing connection" value="false"/>
          <column name="Component List" value=""/>
          <column name="JDBC Provider" value="JTDS"/>
          <column name="Host" value="&quot;dadabi.database.windows.net&quot;"/>
          <column name="Port" value="&quot;1433&quot;"/>
          <column name="Schema" value="&quot;&quot;"/>
          <column name="Database" value="&quot;dadabi&quot;"/>
          <column name="Database Driver" value="MSSQL"/>
          <column name="Username" value="&quot;dadabi&quot;"/>
          <column name="Password" value="************"/>
          <column name="Table" value="&quot;lacrimes&quot;"/>
          <column name="Action on table" value="CREATE_IF_NOT_EXISTS"/>
          <column name="Turn on identity insert" value="false"/>
          <column name="Action on data" value="INSERT"/>
          <column name="Specify identity field" value="false"/>
          <column name="Identity field" value="DR_NO"/>
          <column name="Start value" value="1"/>
          <column name="Step" value="1"/>
          <column name="REPOSITORY_ALLOW_AUTO_SWITCH" value="true"/>
          <column name="Schema" value="Built-In"/>
          <column name="Reject Schema" value="Built-In"/>
          <column name="Specify a data source alias" value="false"/>
          <column name="Data source alias" value="&quot;&quot;"/>
          <column name="Die on error" value="false"/>
          <column name="Mapping" value="id_MSSQL"/>
          <column name="Additional JDBC Parameters" value="&quot;integratedSecurity=true;encryp=true;trustServerCertificate=true;ssl=require;&quot;"/>
          <column name="Authenticate using Azure Active Directory" value="false"/>
          <column name="Use alternate schema" value="false"/>
          <column name="Schema" value="&quot;&quot;"/>
          <column name="Encoding" value="&quot;ISO-8859-15&quot;"/>
          <column name="Commit every" value="10000"/>
          <column name="Additional columns" value="[]"/>
          <column name="Use field options" value="false"/>
          <column name="Field options" value="[{SCHEMA_COLUMN=DR_NO, UPDATE_KEY=false, DELETE_KEY=false, UPDATABLE=true, INSERTABLE=true}, {SCHEMA_COLUMN=Date_Rptd, UPDATE_KEY=false, DELETE_KEY=false, UPDATABLE=true, INSERTABLE=true}, {SCHEMA_COLUMN=DATE_OCC, UPDATE_KEY=false, DELETE_KEY=false, UPDATABLE=true, INSERTABLE=true}, {SCHEMA_COLUMN=TIME_OCC, UPDATE_KEY=false, DELETE_KEY=false, UPDATABLE=true, INSERTABLE=true}, {SCHEMA_COLUMN=AREA, UPDATE_KEY=false, DELETE_KEY=false, UPDATABLE=true, INSERTABLE=true}, {SCHEMA_COLUMN=AREA_NAME, UPDATE_KEY=false, DELETE_KEY=false, UPDATABLE=true, INSERTABLE=true}, {SCHEMA_COLUMN=Rpt_Dist_No, UPDATE_KEY=false, DELETE_KEY=false, UPDATABLE=true, INSERTABLE=true}, {SCHEMA_COLUMN=Part_1_2, UPDATE_KEY=false, DELETE_KEY=false, UPDATABLE=true, INSERTABLE=true}, {SCHEMA_COLUMN=Crm_Cd, UPDATE_KEY=false, DELETE_KEY=false, UPDATABLE=true, INSERTABLE=true}, {SCHEMA_COLUMN=Crm_Cd_Desc, UPDATE_KEY=false, DELETE_KEY=false, UPDATABLE=true, INSERTABLE=true}, {SCHEMA_COLUMN=Mocodes, UPDATE_KEY=false, DELETE_KEY=false, UPDATABLE=true, INSERTABLE=true}, {SCHEMA_COLUMN=Vict_Age, UPDATE_KEY=false, DELETE_KEY=false, UPDATABLE=true, INSERTABLE=true}, {SCHEMA_COLUMN=Vict_Sex, UPDATE_KEY=false, DELETE_KEY=false, UPDATABLE=true, INSERTABLE=true}, {SCHEMA_COLUMN=Vict_Descent, UPDATE_KEY=false, DELETE_KEY=false, UPDATABLE=true, INSERTABLE=true}, {SCHEMA_COLUMN=Premis_Cd, UPDATE_KEY=false, DELETE_KEY=false, UPDATABLE=true, INSERTABLE=true}, {SCHEMA_COLUMN=Premis_Desc, UPDATE_KEY=false, DELETE_KEY=false, UPDATABLE=true, INSERTABLE=true}, {SCHEMA_COLUMN=Weapon_Used_Cd, UPDATE_KEY=false, DELETE_KEY=false, UPDATABLE=true, INSERTABLE=true}, {SCHEMA_COLUMN=Weapon_Desc, UPDATE_KEY=false, DELETE_KEY=false, UPDATABLE=true, INSERTABLE=true}, {SCHEMA_COLUMN=Status, UPDATE_KEY=false, DELETE_KEY=false, UPDATABLE=true, INSERTABLE=true}, {SCHEMA_COLUMN=Status_Desc, UPDATE_KEY=false, DELETE_KEY=false, UPDATABLE=true, INSERTABLE=true}, {SCHEMA_COLUMN=Crm_Cd_1, UPDATE_KEY=false, DELETE_KEY=false, UPDATABLE=true, INSERTABLE=true}, {SCHEMA_COLUMN=Crm_Cd_2, UPDATE_KEY=false, DELETE_KEY=false, UPDATABLE=true, INSERTABLE=true}, {SCHEMA_COLUMN=Crm_Cd_3, UPDATE_KEY=false, DELETE_KEY=false, UPDATABLE=true, INSERTABLE=true}, {SCHEMA_COLUMN=Crm_Cd_4, UPDATE_KEY=false, DELETE_KEY=false, UPDATABLE=true, INSERTABLE=true}, {SCHEMA_COLUMN=LOCATION, UPDATE_KEY=false, DELETE_KEY=false, UPDATABLE=true, INSERTABLE=true}, {SCHEMA_COLUMN=Cross_Street, UPDATE_KEY=false, DELETE_KEY=false, UPDATABLE=true, INSERTABLE=true}, {SCHEMA_COLUMN=LAT, UPDATE_KEY=false, DELETE_KEY=false, UPDATABLE=true, INSERTABLE=true}, {SCHEMA_COLUMN=LON, UPDATE_KEY=false, DELETE_KEY=false, UPDATABLE=true, INSERTABLE=true}]"/>
          <column name="Ignore date out of range" value="false"/>
          <column name="Debug query mode" value="false"/>
          <column name="Support null in &quot;SQL WHERE&quot; statement" value="false"/>
          <column name="Use Batch Size" value="true"/>
          <column name="Batch Size" value="10000"/>
          <column name="Set Query Timeout" value="false"/>
          <column name="Timeout (seconds)" value="30"/>
          <column name="Label format" value="lacrimes_MSSQL"/>
          <column name="Hint format" value="&lt;b&gt;__UNIQUE_NAME__&lt;/b&gt;&lt;br&gt;__COMMENT__"/>
          <column name="Connection format" value="row"/>
          <column name="Show Information" value="false"/>
          <column name="Comment" value=""/>
          <column name="Use an existing validation rule" value="false"/>
          <column name="Validation Rule Type" value=""/>
        </parameters>
        <schemas>
          <schema name="TargetMSSQL">
            <column name="DR_NO" key="false" type="String" length="9" precision="" nullable="true" comment=""/>
            <column name="Date_Rptd" key="false" type="String" length="22" precision="" nullable="true" comment=""/>
            <column name="DATE_OCC" key="false" type="String" length="22" precision="" nullable="true" comment=""/>
            <column name="TIME_OCC" key="false" type="String" length="4" precision="" nullable="true" comment=""/>
            <column name="AREA" key="false" type="String" length="2" precision="" nullable="true" comment=""/>
            <column name="AREA_NAME" key="false" type="String" length="11" precision="" nullable="true" comment=""/>
            <column name="Rpt_Dist_No" key="false" type="String" length="4" precision="" nullable="true" comment=""/>
            <column name="Part_1_2" key="false" type="Integer" length="1" precision="" nullable="true" comment=""/>
            <column name="Crm_Cd" key="false" type="Integer" length="3" precision="" nullable="true" comment=""/>
            <column name="Crm_Cd_Desc" key="false" type="String" length="100" precision="" nullable="true" comment=""/>
            <column name="Mocodes" key="false" type="String" length="100" precision="" nullable="true" comment=""/>
            <column name="Vict_Age" key="false" type="Integer" length="3" precision="" nullable="true" comment=""/>
            <column name="Vict_Sex" key="false" type="String" length="1" precision="" nullable="true" comment=""/>
            <column name="Vict_Descent" key="false" type="String" length="1" precision="" nullable="true" comment=""/>
            <column name="Premis_Cd" key="false" type="Integer" length="3" precision="" nullable="true" comment=""/>
            <column name="Premis_Desc" key="false" type="String" length="100" precision="" nullable="true" comment=""/>
            <column name="Weapon_Used_Cd" key="false" type="String" length="3" precision="" nullable="true" comment=""/>
            <column name="Weapon_Desc" key="false" type="String" length="100" precision="" nullable="true" comment=""/>
            <column name="Status" key="false" type="String" length="2" precision="" nullable="true" comment=""/>
            <column name="Status_Desc" key="false" type="String" length="12" precision="" nullable="true" comment=""/>
            <column name="Crm_Cd_1" key="false" type="Integer" length="3" precision="" nullable="true" comment=""/>
            <column name="Crm_Cd_2" key="false" type="String" length="3" precision="" nullable="true" comment=""/>
            <column name="Crm_Cd_3" key="false" type="String" length="3" precision="" nullable="true" comment=""/>
            <column name="Crm_Cd_4" key="false" type="String" length="3" precision="" nullable="true" comment=""/>
            <column name="LOCATION" key="false" type="String" length="100" precision="" nullable="true" comment=""/>
            <column name="Cross_Street" key="false" type="String" length="100" precision="" nullable="true" comment=""/>
            <column name="LAT" key="false" type="Float" length="7" precision="5" nullable="true" comment=""/>
            <column name="LON" key="false" type="Double" length="9" precision="5" nullable="true" comment=""/>
          </schema>
        </schemas>
      </component>
      <component icon="pictures/tFileInputDelimited_1.png" uniqueName="tFileInputDelimited_1" label="__UNIQUE_NAME__">
        <input>none</input>
        <output link="tMap_1">tMap_1</output>
        <componentType>tFileInputDelimited</componentType>
        <parameters>
          <column name="Unique Name" value="tFileInputDelimited_1"/>
          <column name="Component Name" value="tFileInputDelimited"/>
          <column name="Version" value="0.102 (ALPHA)"/>
          <column name="Family" value="File/Input"/>
          <column name="Start" value="true"/>
          <column name="Startable" value="true"/>
          <column name="SUBTREE_START" value="true"/>
          <column name="END_OF_FLOW" value="false"/>
          <column name="Activate" value="true"/>
          <column name="DUMMY" value="false"/>
          <column name="tStatCatcher Statistics" value="false"/>
          <column name="Help" value="org.talend.help.tFileInputDelimited"/>
          <column name="Update components" value="true"/>
          <column name="IREPORT_PATH" value=""/>
          <column name="JAVA_LIBRARY_PATH" value="/Applications/TalendStudio-8.0.1/studio/configuration/lib/java"/>
          <column name="Subjob color" value=""/>
          <column name="Title color" value=""/>
          <column name="Enable parallel execution" value="false"/>
          <column name="Number of parallel executions" value="2"/>
          <column name="PARALLELIZE_KEEP_EMPTY" value="false"/>
          <column name="Property Type" value="repository: DELIM:LACrimes_New"/>
          <column name="REPOSITORY_ALLOW_AUTO_SWITCH" value="true"/>
          <column name="Schema" value="Built-In"/>
          <column name="File name/Stream" value="&quot;/Users/srivenkatasatyaakhilmalladi/Downloads/Crime_Data_from_2020_to_Present.csv&quot;"/>
          <column name="CSV options" value="false"/>
          <column name="Row Separator" value="&quot;\n&quot;"/>
          <column name="CSV Row Separator" value="&quot;\n&quot;"/>
          <column name="Field Separator" value="&quot;;&quot;"/>
          <column name="Escape char" value="&quot;&quot;&quot;"/>
          <column name="Text enclosure" value="&quot;&quot;&quot;"/>
          <column name="Header" value="1"/>
          <column name="Footer" value="0"/>
          <column name="Limit" value=""/>
          <column name="Skip empty rows" value="false"/>
          <column name="Uncompress as zip file" value="false"/>
          <column name="Die on error" value="false"/>
          <column name="Schema" value="Built-In"/>
          <column name="Temporary directory" value="&quot;/Users/srivenkatasatyaakhilmalladi/Documents/Northeastern/DADABI&quot;"/>
          <column name="Advanced separator (for numbers)" value="false"/>
          <column name="Thousands separator" value="&quot;,&quot;"/>
          <column name="Decimal separator" value="&quot;.&quot;"/>
          <column name="Extract lines at random" value="false"/>
          <column name="Number of lines" value="10"/>
          <column name="Trim all columns" value="false"/>
          <column name="Check column to trim" value="[{SCHEMA_COLUMN=DR_NO, TRIM=false}, {SCHEMA_COLUMN=Date_Rptd, TRIM=false}, {SCHEMA_COLUMN=DATE_OCC, TRIM=false}, {SCHEMA_COLUMN=TIME_OCC, TRIM=false}, {SCHEMA_COLUMN=AREA, TRIM=false}, {SCHEMA_COLUMN=AREA_NAME, TRIM=false}, {SCHEMA_COLUMN=Rpt_Dist_No, TRIM=false}, {SCHEMA_COLUMN=Part_1_2, TRIM=false}, {SCHEMA_COLUMN=Crm_Cd, TRIM=false}, {SCHEMA_COLUMN=Crm_Cd_Desc, TRIM=false}, {SCHEMA_COLUMN=Mocodes, TRIM=false}, {SCHEMA_COLUMN=Vict_Age, TRIM=false}, {SCHEMA_COLUMN=Vict_Sex, TRIM=false}, {SCHEMA_COLUMN=Vict_Descent, TRIM=false}, {SCHEMA_COLUMN=Premis_Cd, TRIM=false}, {SCHEMA_COLUMN=Premis_Desc, TRIM=false}, {SCHEMA_COLUMN=Weapon_Used_Cd, TRIM=false}, {SCHEMA_COLUMN=Weapon_Desc, TRIM=false}, {SCHEMA_COLUMN=Status, TRIM=false}, {SCHEMA_COLUMN=Status_Desc, TRIM=false}, {SCHEMA_COLUMN=Crm_Cd_1, TRIM=false}, {SCHEMA_COLUMN=Crm_Cd_2, TRIM=false}, {SCHEMA_COLUMN=Crm_Cd_3, TRIM=false}, {SCHEMA_COLUMN=Crm_Cd_4, TRIM=false}, {SCHEMA_COLUMN=LOCATION, TRIM=false}, {SCHEMA_COLUMN=Cross_Street, TRIM=false}, {SCHEMA_COLUMN=LAT, TRIM=false}, {SCHEMA_COLUMN=LON, TRIM=false}]"/>
          <column name="Check each row structure against schema" value="false"/>
          <column name="Check date" value="false"/>
          <column name="Encoding" value="&quot;UTF-8&quot;"/>
          <column name="Split row before field" value="false"/>
          <column name="Permit hexadecimal (0xNNN) or octal (0NNNN) for numeric types (clear the check box to read Byte type as octal and hexadecimal numbers by default)" value="false"/>
          <column name="Decode table" value="[{SCHEMA_COLUMN=DR_NO, DECODE=false}, {SCHEMA_COLUMN=Date_Rptd, DECODE=false}, {SCHEMA_COLUMN=DATE_OCC, DECODE=false}, {SCHEMA_COLUMN=TIME_OCC, DECODE=false}, {SCHEMA_COLUMN=AREA, DECODE=false}, {SCHEMA_COLUMN=AREA_NAME, DECODE=false}, {SCHEMA_COLUMN=Rpt_Dist_No, DECODE=false}, {SCHEMA_COLUMN=Part_1_2, DECODE=false}, {SCHEMA_COLUMN=Crm_Cd, DECODE=false}, {SCHEMA_COLUMN=Crm_Cd_Desc, DECODE=false}, {SCHEMA_COLUMN=Mocodes, DECODE=false}, {SCHEMA_COLUMN=Vict_Age, DECODE=false}, {SCHEMA_COLUMN=Vict_Sex, DECODE=false}, {SCHEMA_COLUMN=Vict_Descent, DECODE=false}, {SCHEMA_COLUMN=Premis_Cd, DECODE=false}, {SCHEMA_COLUMN=Premis_Desc, DECODE=false}, {SCHEMA_COLUMN=Weapon_Used_Cd, DECODE=false}, {SCHEMA_COLUMN=Weapon_Desc, DECODE=false}, {SCHEMA_COLUMN=Status, DECODE=false}, {SCHEMA_COLUMN=Status_Desc, DECODE=false}, {SCHEMA_COLUMN=Crm_Cd_1, DECODE=false}, {SCHEMA_COLUMN=Crm_Cd_2, DECODE=false}, {SCHEMA_COLUMN=Crm_Cd_3, DECODE=false}, {SCHEMA_COLUMN=Crm_Cd_4, DECODE=false}, {SCHEMA_COLUMN=LOCATION, DECODE=false}, {SCHEMA_COLUMN=Cross_Street, DECODE=false}, {SCHEMA_COLUMN=LAT, DECODE=false}, {SCHEMA_COLUMN=LON, DECODE=false}]"/>
          <column name="Destination" value=""/>
          <column name="Min column number of optimize code" value="100"/>
          <column name="Label format" value="__UNIQUE_NAME__"/>
          <column name="Hint format" value="&lt;b&gt;__UNIQUE_NAME__&lt;/b&gt;&lt;br&gt;__COMMENT__"/>
          <column name="Connection format" value="row"/>
          <column name="Show Information" value="false"/>
          <column name="Comment" value=""/>
          <column name="Use an existing validation rule" value="false"/>
          <column name="Validation Rule Type" value=""/>
        </parameters>
        <schemas>
          <schema name="metadata">
            <column name="DR_NO" key="false" type="String" length="9" precision="" nullable="true" comment=""/>
            <column name="Date_Rptd" key="false" type="String" length="22" precision="" nullable="true" comment=""/>
            <column name="DATE_OCC" key="false" type="String" length="22" precision="" nullable="true" comment=""/>
            <column name="TIME_OCC" key="false" type="String" length="4" precision="" nullable="true" comment=""/>
            <column name="AREA" key="false" type="String" length="2" precision="" nullable="true" comment=""/>
            <column name="AREA_NAME" key="false" type="String" length="11" precision="" nullable="true" comment=""/>
            <column name="Rpt_Dist_No" key="false" type="String" length="4" precision="" nullable="true" comment=""/>
            <column name="Part_1_2" key="false" type="Integer" length="1" precision="" nullable="true" comment=""/>
            <column name="Crm_Cd" key="false" type="Integer" length="3" precision="" nullable="true" comment=""/>
            <column name="Crm_Cd_Desc" key="false" type="String" length="100" precision="" nullable="true" comment=""/>
            <column name="Mocodes" key="false" type="String" length="100" precision="" nullable="true" comment=""/>
            <column name="Vict_Age" key="false" type="Integer" length="3" precision="" nullable="true" comment=""/>
            <column name="Vict_Sex" key="false" type="String" length="1" precision="" nullable="true" comment=""/>
            <column name="Vict_Descent" key="false" type="String" length="1" precision="" nullable="true" comment=""/>
            <column name="Premis_Cd" key="false" type="Integer" length="3" precision="" nullable="true" comment=""/>
            <column name="Premis_Desc" key="false" type="String" length="100" precision="" nullable="true" comment=""/>
            <column name="Weapon_Used_Cd" key="false" type="String" length="3" precision="" nullable="true" comment=""/>
            <column name="Weapon_Desc" key="false" type="String" length="100" precision="" nullable="true" comment=""/>
            <column name="Status" key="false" type="String" length="2" precision="" nullable="true" comment=""/>
            <column name="Status_Desc" key="false" type="String" length="12" precision="" nullable="true" comment=""/>
            <column name="Crm_Cd_1" key="false" type="Integer" length="3" precision="" nullable="true" comment=""/>
            <column name="Crm_Cd_2" key="false" type="String" length="3" precision="" nullable="true" comment=""/>
            <column name="Crm_Cd_3" key="false" type="String" length="3" precision="" nullable="true" comment=""/>
            <column name="Crm_Cd_4" key="false" type="String" length="3" precision="" nullable="true" comment=""/>
            <column name="LOCATION" key="false" type="String" length="100" precision="" nullable="true" comment=""/>
            <column name="Cross_Street" key="false" type="String" length="100" precision="" nullable="true" comment=""/>
            <column name="LAT" key="false" type="Float" length="7" precision="5" nullable="true" comment=""/>
            <column name="LON" key="false" type="Double" length="9" precision="5" nullable="true" comment=""/>
          </schema>
        </schemas>
      </component>
      <component icon="pictures/tLogRow_1.png" uniqueName="tLogRow_1" label="__UNIQUE_NAME__">
        <input link="tMap_1">tMap_1</input>
        <output>none</output>
        <componentType>tLogRow</componentType>
        <parameters>
          <column name="Unique Name" value="tLogRow_1"/>
          <column name="Component Name" value="tLogRow"/>
          <column name="Version" value="0.101 (ALPHA)"/>
          <column name="Family" value="Logs_Errors"/>
          <column name="Startable" value="false"/>
          <column name="SUBTREE_START" value="false"/>
          <column name="END_OF_FLOW" value="true"/>
          <column name="Activate" value="true"/>
          <column name="DUMMY" value="false"/>
          <column name="tStatCatcher Statistics" value="false"/>
          <column name="Help" value="org.talend.help.tLogRow"/>
          <column name="Update components" value="true"/>
          <column name="IREPORT_PATH" value=""/>
          <column name="JAVA_LIBRARY_PATH" value="/Applications/TalendStudio-8.0.1/studio/configuration/lib/java"/>
          <column name="Subjob color" value=""/>
          <column name="Title color" value=""/>
          <column name="Enable parallel execution" value="false"/>
          <column name="Number of parallel executions" value="2"/>
          <column name="PARALLELIZE_KEEP_EMPTY" value="false"/>
          <column name="REPOSITORY_ALLOW_AUTO_SWITCH" value="true"/>
          <column name="Schema" value="Built-In"/>
          <column name="Basic" value="true"/>
          <column name="Table (print values in cells of a table)" value="false"/>
          <column name="Vertical (each row is a key/value list)" value="false"/>
          <column name="Print unique name" value="true"/>
          <column name="Print label" value="false"/>
          <column name="Print unique name and label" value="false"/>
          <column name="Field Separator" value="&quot;|&quot;"/>
          <column name="Print header" value="false"/>
          <column name="Print component unique name in front of each output row" value="false"/>
          <column name="Print schema column name in front of each value" value="false"/>
          <column name="Use fixed length for values" value="false"/>
          <column name="Lengths" value="[{SCHEMA_COLUMN=DR_NO, LENGTH=10}, {SCHEMA_COLUMN=Date_Rptd, LENGTH=10}, {SCHEMA_COLUMN=DATE_OCC, LENGTH=10}, {SCHEMA_COLUMN=TIME_OCC, LENGTH=10}, {SCHEMA_COLUMN=AREA, LENGTH=10}, {SCHEMA_COLUMN=AREA_NAME, LENGTH=10}, {SCHEMA_COLUMN=Rpt_Dist_No, LENGTH=10}, {SCHEMA_COLUMN=Part_1_2, LENGTH=10}, {SCHEMA_COLUMN=Crm_Cd, LENGTH=10}, {SCHEMA_COLUMN=Crm_Cd_Desc, LENGTH=10}, {SCHEMA_COLUMN=Mocodes, LENGTH=10}, {SCHEMA_COLUMN=Vict_Age, LENGTH=10}, {SCHEMA_COLUMN=Vict_Sex, LENGTH=10}, {SCHEMA_COLUMN=Vict_Descent, LENGTH=10}, {SCHEMA_COLUMN=Premis_Cd, LENGTH=10}, {SCHEMA_COLUMN=Premis_Desc, LENGTH=10}, {SCHEMA_COLUMN=Weapon_Used_Cd, LENGTH=10}, {SCHEMA_COLUMN=Weapon_Desc, LENGTH=10}, {SCHEMA_COLUMN=Status, LENGTH=10}, {SCHEMA_COLUMN=Status_Desc, LENGTH=10}, {SCHEMA_COLUMN=Crm_Cd_1, LENGTH=10}, {SCHEMA_COLUMN=Crm_Cd_2, LENGTH=10}, {SCHEMA_COLUMN=Crm_Cd_3, LENGTH=10}, {SCHEMA_COLUMN=Crm_Cd_4, LENGTH=10}, {SCHEMA_COLUMN=LOCATION, LENGTH=10}, {SCHEMA_COLUMN=Cross_Street, LENGTH=10}, {SCHEMA_COLUMN=LAT, LENGTH=10}, {SCHEMA_COLUMN=LON, LENGTH=10}]"/>
          <column name="Print content with log4j" value="true"/>
          <column name="Min column number of optimize code" value="100"/>
          <column name="Label format" value="__UNIQUE_NAME__"/>
          <column name="Hint format" value="&lt;b&gt;__UNIQUE_NAME__&lt;/b&gt;&lt;br&gt;__COMMENT__"/>
          <column name="Connection format" value="row"/>
          <column name="Show Information" value="false"/>
          <column name="Comment" value=""/>
          <column name="Use an existing validation rule" value="false"/>
          <column name="Validation Rule Type" value=""/>
        </parameters>
        <schemas>
          <schema name="metadata">
            <column name="DR_NO" key="false" type="String" length="9" precision="" nullable="true" comment=""/>
            <column name="Date_Rptd" key="false" type="String" length="22" precision="" nullable="true" comment=""/>
            <column name="DATE_OCC" key="false" type="String" length="22" precision="" nullable="true" comment=""/>
            <column name="TIME_OCC" key="false" type="String" length="4" precision="" nullable="true" comment=""/>
            <column name="AREA" key="false" type="String" length="2" precision="" nullable="true" comment=""/>
            <column name="AREA_NAME" key="false" type="String" length="11" precision="" nullable="true" comment=""/>
            <column name="Rpt_Dist_No" key="false" type="String" length="4" precision="" nullable="true" comment=""/>
            <column name="Part_1_2" key="false" type="Integer" length="1" precision="" nullable="true" comment=""/>
            <column name="Crm_Cd" key="false" type="Integer" length="3" precision="" nullable="true" comment=""/>
            <column name="Crm_Cd_Desc" key="false" type="String" length="100" precision="" nullable="true" comment=""/>
            <column name="Mocodes" key="false" type="String" length="100" precision="" nullable="true" comment=""/>
            <column name="Vict_Age" key="false" type="Integer" length="3" precision="" nullable="true" comment=""/>
            <column name="Vict_Sex" key="false" type="String" length="1" precision="" nullable="true" comment=""/>
            <column name="Vict_Descent" key="false" type="String" length="1" precision="" nullable="true" comment=""/>
            <column name="Premis_Cd" key="false" type="Integer" length="3" precision="" nullable="true" comment=""/>
            <column name="Premis_Desc" key="false" type="String" length="100" precision="" nullable="true" comment=""/>
            <column name="Weapon_Used_Cd" key="false" type="String" length="3" precision="" nullable="true" comment=""/>
            <column name="Weapon_Desc" key="false" type="String" length="100" precision="" nullable="true" comment=""/>
            <column name="Status" key="false" type="String" length="2" precision="" nullable="true" comment=""/>
            <column name="Status_Desc" key="false" type="String" length="12" precision="" nullable="true" comment=""/>
            <column name="Crm_Cd_1" key="false" type="Integer" length="3" precision="" nullable="true" comment=""/>
            <column name="Crm_Cd_2" key="false" type="String" length="3" precision="" nullable="true" comment=""/>
            <column name="Crm_Cd_3" key="false" type="String" length="3" precision="" nullable="true" comment=""/>
            <column name="Crm_Cd_4" key="false" type="String" length="3" precision="" nullable="true" comment=""/>
            <column name="LOCATION" key="false" type="String" length="100" precision="" nullable="true" comment=""/>
            <column name="Cross_Street" key="false" type="String" length="100" precision="" nullable="true" comment=""/>
            <column name="LAT" key="false" type="Float" length="7" precision="5" nullable="true" comment=""/>
            <column name="LON" key="false" type="Double" length="9" precision="5" nullable="true" comment=""/>
          </schema>
        </schemas>
      </component>
    </internalNodeComponents>
    <externalNodeComponents>
      <component icon="pictures/tMap_1.png" uniqueName="tMap_1" label="__UNIQUE_NAME__" preview="pictures/external_preview_tMap_1.png">
        <input link="tFileInputDelimited_1">tFileInputDelimited_1</input>
        <output link="tLogRow_1">tLogRow_1</output>
        <output link="tDBOutput_1">tDBOutput_1</output>
        <output link="tDBOutput_3">tDBOutput_3</output>
        <componentType>tMap</componentType>
        <!--tMap_1-->
      </component>
    </externalNodeComponents>
    <connections>
      <connection label="row1" lineStyle="0" metaname="tFileInputDelimited_1" offsetLabelX="0" offsetLabelY="0" source="tFileInputDelimited_1" target="tMap_1"/>
      <connection label="Consoletolog" lineStyle="0" metaname="Consoletolog" offsetLabelX="0" offsetLabelY="0" source="tMap_1" target="tLogRow_1"/>
      <connection label="TargetMYSQL" lineStyle="0" metaname="TargetMYSQL" offsetLabelX="0" offsetLabelY="0" source="tMap_1" target="tDBOutput_1"/>
      <connection label="TargetMSSQL" lineStyle="0" metaname="TargetMSSQL" offsetLabelX="0" offsetLabelY="0" source="tMap_1" target="tDBOutput_3"/>
    </connections>
  </job>
</project>
